{
  "linear_probe_r2_mean": 0.2861064672470093,
  "linear_probe_r2_std": 0.03195166868609418,
  "cv_scores": [
    0.3245042562484741,
    0.2910594344139099,
    0.2627022862434387,
    0.23832488059997559,
    0.31394147872924805
  ],
  "note": "5-fold CV Ridge regression from encoder latents to cursor velocity"
}